,GO_ID,GO_Term,Count_Prot_Dataset (a),Count_Prot_SwissProt (b),c,d,Count_Prot_SwissProt_Actual,Percentage_Dataset,Percentage_SwissProt,Fold_Enrichment,P_Value_Two_Tail,P_Value_Greater
6,GO:0016298,lipase activity,78,1675,4,549878,1753,95.12,0.3177825917,299.33,4.4762449296839884e-190,4.4762449296839884e-190
8,GO:0016042,lipid catabolic process,79,3934,3,547619,4013,96.34,0.7274737825,132.43,4.8797457683975785e-165,4.8797457683975785e-165
15,GO:0008970,phospholipase A1 activity,45,84,37,551469,129,54.88,0.0233850281,2346.72,1.823464800071633e-144,1.823464800071633e-144
7,GO:0004620,phospholipase activity,60,1284,22,550269,1344,73.17,0.243639363,300.32,2.0409911464069115e-138,2.0409911464069115e-138
10,GO:0052739,phosphatidylserine 1-acylhydrolase activity,40,45,42,551508,85,48.78,0.0154087395,3165.77,2.1027324484168363e-134,2.1027324484168363e-134
17,GO:0005615,extracellular space,76,9613,6,541940,9689,92.68,1.7564150208,52.77,9.223167247456195e-126,9.223167247456195e-126
50,GO:0004806,triacylglycerol lipase activity,39,270,43,551283,309,47.56,0.0560153,849.07,4.723806163884979e-105,4.723806163884979e-105
12,GO:0006629,lipid metabolic process,82,31435,0,520118,31517,100.0,5.7133793178,17.5,1.0520675900729095e-102,1.0520675900729095e-102
1,GO:0016788,"hydrolase activity, acting on ester bonds",78,29573,4,521980,29651,95.12,5.3751121666,17.7,1.19367784828329e-93,1.1936778482832903e-93
84,GO:0004465,lipoprotein lipase activity,25,7,57,551546,32,30.49,0.0058009372,5255.67,1.1350560580515763e-91,1.135056058051576e-91
21,GO:0009056,catabolic process,79,50638,3,500915,50717,96.34,9.1939416462,10.48,8.242950986824711e-78,8.242950986824714e-78
59,GO:0019433,triglyceride catabolic process,24,67,58,551486,91,29.27,0.0164964152,1774.22,1.9046441725464945e-72,1.9046441725464945e-72
75,GO:0046464,acylglycerol catabolic process,24,124,58,551429,148,29.27,0.0268293346,1090.91,8.670346100809381e-67,8.67034610080938e-67
63,GO:0046461,neutral lipid catabolic process,24,155,58,551398,179,29.27,0.0324489925,901.98,1.1867744119890837e-64,1.1867744119890837e-64
23,GO:0016787,hydrolase activity,81,93569,1,457984,93650,98.78,16.9768053151,5.82,2.7543085834460743e-61,2.7543085834460743e-61
80,GO:0046503,glycerolipid catabolic process,24,336,58,551217,360,29.27,0.0652605437,448.48,5.126238841254421e-57,5.126238841254421e-57
47,GO:0006641,triglyceride metabolic process,24,557,58,550996,581,29.27,0.1053232663,277.89,6.6126083786084145e-52,6.6126083786084145e-52
62,GO:0006639,acylglycerol metabolic process,24,685,58,550868,709,29.27,0.1285270151,227.72,8.476646485106443e-50,8.476646485106445e-50
35,GO:0006638,neutral lipid metabolic process,24,723,58,550830,747,29.27,0.1354156281,216.14,3.0166930956970262e-49,3.0166930956970254e-49
26,GO:0008201,heparin binding,24,778,58,550775,802,29.27,0.1453859889,201.31,1.6937129163630175e-48,1.6937129163630178e-48
58,GO:0034369,plasma lipoprotein particle remodeling,18,124,64,551429,142,21.95,0.0257416589,852.75,4.618362238122551e-48,4.6183622381225524e-48
52,GO:0034368,protein-lipid complex remodeling,18,127,64,551426,145,21.95,0.0262854968,835.11,6.891710172507886e-48,6.891710172507886e-48
67,GO:0034372,very-low-density lipoprotein particle remodeling,15,33,67,551520,48,18.29,0.0087014058,2102.27,1.0653062873917695e-46,1.0653062873917695e-46
30,GO:0005539,glycosaminoglycan binding,24,1119,58,550434,1143,29.27,0.2072022261,141.25,8.956469803588896e-45,8.956469803588898e-45
77,GO:0071827,plasma lipoprotein particle organization,18,200,64,551353,218,21.95,0.0395188848,555.46,1.538230921804584e-44,1.538230921804584e-44
68,GO:0034367,protein-containing complex remodeling,18,211,64,551342,229,21.95,0.0415129569,528.78,3.861641022114827e-44,3.8616410221148273e-44
78,GO:0071825,protein-lipid complex organization,18,215,64,551338,233,21.95,0.0422380741,519.7,5.335767675635711e-44,5.33576767563571e-44
48,GO:0034370,triglyceride-rich lipoprotein particle remodeling,15,55,67,551498,70,18.29,0.0126895502,1441.55,7.012738290522252e-44,7.012738290522252e-44
66,GO:0034185,apolipoprotein binding,15,58,67,551495,73,18.29,0.013233388,1382.31,1.4130648178428157e-43,1.4130648178428157e-43
69,GO:0034371,chylomicron remodeling,11,2,71,551551,13,13.41,0.0023566307,5692.29,3.0285076797892027e-41,3.0285076797892027e-41
39,GO:0046486,glycerolipid metabolic process,27,4202,55,547351,4229,32.93,0.7666301087,42.95,1.615348427321737e-36,1.6153484273217373e-36
146,GO:0034375,high-density lipoprotein particle remodeling,13,78,69,551475,91,15.85,0.0164964152,961.04,1.2051986860389742e-35,1.2051986860389742e-35
29,GO:1901681,sulfur compound binding,24,3249,58,548304,3273,29.27,0.5933271094,49.33,7.814719086236847e-34,7.814719086236846e-34
54,GO:0034358,plasma lipoprotein particle,16,451,66,551102,467,19.51,0.0846574275,230.48,2.129867170955818e-33,2.1298671709558176e-33
33,GO:1990777,lipoprotein particle,16,452,66,551101,468,19.51,0.0848387068,229.99,2.2050122173817706e-33,2.205012217381771e-33
76,GO:0032994,protein-lipid complex,16,466,66,551087,482,19.51,0.0873766168,223.31,3.555096770801921e-33,3.555096770801921e-33
136,GO:0042632,cholesterol homeostasis,15,372,67,551181,387,18.29,0.0701550844,260.75,3.562989393551924e-32,3.5629893935519244e-32
140,GO:0055092,sterol homeostasis,15,389,67,551164,404,18.29,0.0732368323,249.77,6.856655527298311e-32,6.856655527298311e-32
40,GO:0071814,protein-lipid complex binding,12,147,70,551406,159,14.63,0.0288234068,507.72,1.7499181697141194e-29,1.7499181697141197e-29
83,GO:0071813,lipoprotein particle binding,12,147,70,551406,159,14.63,0.0288234068,507.72,1.7499181697141194e-29,1.7499181697141197e-29
70,GO:0043395,heparan sulfate proteoglycan binding,11,94,71,551459,105,13.41,0.0190343252,704.76,9.569142946972856e-29,9.569142946972856e-29
239,GO:0047376,"all-trans-retinyl-palmitate hydrolase, all-trans-retinol forming activity",9,20,73,551533,29,10.98,0.0052570994,2087.77,2.2463967838429235e-28,2.2463967838429235e-28
139,GO:0055088,lipid homeostasis,15,904,67,550649,919,18.29,0.1665956656,109.8,1.694336624477919e-26,1.694336624477919e-26
64,GO:0043394,proteoglycan binding,11,159,71,551394,170,13.41,0.0308174789,435.29,2.351680735372805e-26,2.3516807353728048e-26
237,GO:0050253,retinyl-palmitate esterase activity,9,44,73,551509,53,10.98,0.0096078023,1142.36,9.9118717880177e-26,9.911871788017701e-26
41,GO:0042627,chylomicron,11,199,71,551354,210,13.41,0.0380686505,352.38,2.5503897591441764e-25,2.5503897591441764e-25
98,GO:0047714,galactolipase activity,7,10,75,551543,17,8.54,0.0030817479,2770.05,2.3945668276909383e-23,2.3945668276909386e-23
0,GO:0044238,primary metabolic process,82,290290,0,261263,290372,100.0,52.6384293962,1.9,2.406218726268568e-23,1.3947193829322565e-23
51,GO:0034361,very-low-density lipoprotein particle,11,317,71,551236,328,13.41,0.0594596064,225.61,3.739670520313942e-23,3.739670520313943e-23
82,GO:0034385,triglyceride-rich plasma lipoprotein particle,11,317,71,551236,328,13.41,0.0594596064,225.61,3.739670520313942e-23,3.739670520313943e-23
155,GO:0070328,triglyceride homeostasis,10,209,72,551344,219,12.2,0.0397001641,307.18,1.6477710076022525e-22,1.6477710076022522e-22
173,GO:0055090,acylglycerol homeostasis,10,228,72,551325,238,12.2,0.0431444705,282.66,3.842149235046586e-22,3.842149235046586e-22
188,GO:0055096,low-density lipoprotein particle mediated signaling,6,5,76,551548,11,7.32,0.0019940722,3669.41,4.1313095243317145e-21,4.1313095243317145e-21
192,GO:0055095,lipoprotein particle mediated signaling,6,5,76,551548,11,7.32,0.0019940722,3669.41,4.1313095243317145e-21,4.1313095243317145e-21
94,GO:0030667,secretory granule membrane,11,565,71,550988,576,13.41,0.1044168699,128.47,1.914456222245563e-20,1.9144562222455633e-20
91,GO:0009395,phospholipid catabolic process,10,348,72,551205,358,12.2,0.0648979851,187.91,2.3966210455276935e-20,2.3966210455276938e-20
13,GO:0003824,catalytic activity,81,310270,1,241283,310351,98.78,56.2602082899,1.76,2.9620827487836817e-19,2.11756532870043e-19
95,GO:0019376,galactolipid catabolic process,6,15,76,551538,21,7.32,0.003806865,1922.07,4.84668361580098e-19,4.846683615800979e-19
100,GO:0042589,zymogen granule membrane,7,61,75,551492,68,8.54,0.0123269916,692.51,1.186423083547024e-18,1.1864230835470244e-18
163,GO:0010886,positive regulation of cholesterol storage,6,22,76,551531,28,7.32,0.0050758201,1441.55,3.36213833193551e-18,3.3621383319355096e-18
194,GO:1904179,positive regulation of adipose tissue development,6,27,76,551526,33,7.32,0.0059822165,1223.14,9.878427150311332e-18,9.87842715031133e-18
159,GO:1905954,positive regulation of lipid localization,9,422,73,551131,431,10.98,0.0781313731,140.48,2.7800637590129613e-17,2.7800637590129613e-17
96,GO:0005509,calcium ion binding,16,4943,66,546610,4959,19.51,0.8989639889,21.71,4.24074508363184e-17,4.24074508363184e-17
14,GO:0031640,killing of cells of another organism,14,3170,68,548383,3184,17.07,0.5771932528,29.58,6.754554960403067e-17,6.754554960403067e-17
3,GO:0141061,disruption of cell in another organism,14,3170,68,548383,3184,17.07,0.5771932528,29.58,6.754554960403067e-17,6.754554960403067e-17
193,GO:1904177,regulation of adipose tissue development,6,43,76,551510,49,7.32,0.0088826851,823.75,1.2448656778542122e-16,1.2448656778542117e-16
71,GO:0032501,multicellular organismal process,24,18157,58,533396,18181,29.27,3.2958387339,8.88,1.3501425383394808e-16,1.3501425383394808e-16
20,GO:0001906,cell killing,14,3344,68,548209,3358,17.07,0.6087358489,28.05,1.3964337997987692e-16,1.3964337997987692e-16
11,GO:0008152,metabolic process,82,352677,0,198876,352759,100.0,63.9479003326,1.56,1.4770847108909036e-16,1.1920144436949903e-16
88,GO:0047372,monoacylglycerol lipase activity,7,127,75,551426,134,8.54,0.0242914246,351.42,1.5937528581391118e-16,1.5937528581391126e-16
177,GO:0010890,positive regulation of sequestering of triglyceride,6,49,76,551504,55,7.32,0.0099703608,733.88,2.578887596054899e-16,2.5788875960548984e-16
19,GO:0141060,disruption of anatomical structure in another organism,14,3577,68,547976,3591,17.07,0.650973923,26.23,3.483224403383668e-16,3.4832244033836686e-16
111,GO:0019374,galactolipid metabolic process,6,53,76,551500,59,7.32,0.010695478,684.13,4.0063672589795286e-16,4.0063672589795296e-16
164,GO:0010885,regulation of cholesterol storage,6,61,76,551492,67,7.32,0.0121457123,602.44,8.865136599248494e-16,8.865136599248493e-16
179,GO:0010889,regulation of sequestering of triglyceride,6,69,76,551484,75,7.32,0.0135959466,538.18,1.7870452871641888e-15,1.787045287164189e-15
190,GO:1905952,regulation of lipid localization,9,755,73,550798,764,10.98,0.138497376,79.25,4.79010533377878e-15,4.790105333778781e-15
36,GO:0006631,fatty acid metabolic process,17,8142,65,543411,8159,20.73,1.4790577103,14.02,4.9716726900149474e-15,4.971672690014945e-15
181,GO:0010884,positive regulation of lipid storage,6,102,76,551451,108,7.32,0.0195781631,373.74,1.691654465918787e-14,1.6916544659187867e-14
107,GO:0019377,glycolipid catabolic process,6,105,76,551448,111,7.32,0.020122001,363.64,2.0009678161333584e-14,2.0009678161333584e-14
9,GO:0044419,biological process involved in interspecies interaction between organisms,22,18680,60,532873,18702,26.83,3.390285243,7.91,3.2339846797098816e-14,3.2339846797098816e-14
259,GO:2000343,positive regulation of chemokine (C-X-C motif) ligand 2 production,5,36,77,551517,41,6.1,0.0074324508,820.4,4.783581652483326e-14,4.7835816524833266e-14
379,GO:0043170,macromolecule metabolic process,1,188840,81,362713,188841,1.22,34.2329620129,0.04,7.509316398837298e-14,0.9999999999999988
143,GO:0048878,chemical homeostasis,15,6641,67,544912,6656,18.29,1.2065949405,15.16,7.681198689701325e-14,7.681198689701325e-14
142,GO:0006633,fatty acid biosynthetic process,14,5467,68,546086,5481,17.07,0.9935917772,17.18,1.0516252064265106e-13,1.0516252064265107e-13
225,GO:0030301,cholesterol transport,7,338,75,551215,345,8.54,0.0625413543,136.5,1.2855989706431675e-13,1.2855989706431677e-13
268,GO:0010744,positive regulation of macrophage derived foam cell differentiation,5,45,77,551508,50,6.1,0.0090639644,672.73,1.3510386430358075e-13,1.3510386430358077e-13
255,GO:2000341,regulation of chemokine (C-X-C motif) ligand 2 production,5,56,77,551497,61,6.1,0.0110580366,551.41,3.788654700193995e-13,3.788654700193995e-13
128,GO:0034638,phosphatidylcholine catabolic process,5,61,77,551492,66,6.1,0.011964433,509.64,5.688084055625789e-13,5.68808405562579e-13
222,GO:0015918,sterol transport,7,430,75,551123,437,8.54,0.0792190488,107.76,6.739342449344716e-13,6.739342449344715e-13
196,GO:0007584,response to nutrient,8,859,74,550694,867,9.76,0.1571691426,62.07,1.1597376563530203e-12,1.1597376563530205e-12
161,GO:0045600,positive regulation of fat cell differentiation,6,212,76,551341,218,7.32,0.0395188848,185.15,1.2136658440151365e-12,1.2136658440151365e-12
103,GO:0046466,membrane lipid catabolic process,6,212,76,551341,218,7.32,0.0395188848,185.15,1.2136658440151365e-12,1.2136658440151365e-12
166,GO:0032722,positive regulation of chemokine production,6,216,76,551337,222,7.32,0.0402440019,181.82,1.35462930258156e-12,1.35462930258156e-12
135,GO:0046475,glycerophospholipid catabolic process,6,219,76,551334,225,7.32,0.0407878398,179.39,1.4690672717426859e-12,1.4690672717426865e-12
282,GO:0010743,regulation of macrophage derived foam cell differentiation,5,77,77,551476,82,6.1,0.0148649016,410.2,1.7334000959435613e-12,1.7334000959435617e-12
187,GO:0010883,regulation of lipid storage,6,234,76,551319,240,7.32,0.0435070291,168.18,2.1691194810358304e-12,2.1691194810358295e-12
49,GO:0009743,response to carbohydrate,8,1019,74,550534,1027,9.76,0.1861738287,52.4,4.432819034702681e-12,4.432819034702679e-12
145,GO:0042592,homeostatic process,15,9173,67,542380,9188,18.29,1.6655940975,10.98,7.260771489844012e-12,7.260771489844011e-12
157,GO:0032642,regulation of chemokine production,6,291,76,551262,297,7.32,0.0538399485,135.9,7.832750798947285e-12,7.832750798947285e-12
73,GO:0009749,response to glucose,7,642,75,550911,649,8.54,0.1176502579,72.56,1.0638552826032075e-11,1.0638552826032075e-11
81,GO:0009746,response to hexose,7,764,75,550789,771,8.54,0.139766331,61.08,3.519535681579425e-11,3.519535681579426e-11
56,GO:0034284,response to monosaccharide,7,796,75,550757,803,8.54,0.1455672682,58.64,4.6658901729550736e-11,4.665890172955075e-11
261,GO:0071398,cellular response to fatty acid,5,154,77,551399,159,6.1,0.0288234068,211.55,5.0039056067380227e-11,5.003905606738023e-11
151,GO:0045598,regulation of fat cell differentiation,6,445,76,551108,451,7.32,0.0817569589,89.5,9.596350335467292e-11,9.596350335467292e-11
130,GO:0046470,phosphatidylcholine metabolic process,6,450,76,551103,456,7.32,0.0826633553,88.52,1.0250362555351203e-10,1.0250362555351202e-10
201,GO:0015850,organic hydroxy compound transport,7,906,75,550647,913,8.54,0.1655079899,51.58,1.1347869161708849e-10,1.1347869161708849e-10
287,GO:0004622,lysophospholipase activity,5,184,77,551369,189,6.1,0.0342617854,177.97,1.195445297227063e-10,1.195445297227063e-10
138,GO:0072330,monocarboxylic acid biosynthetic process,14,9541,68,542012,9555,17.07,1.7321235962,9.86,1.5804360123001086e-10,1.5804360123001086e-10
277,GO:0070542,response to fatty acid,6,510,76,551043,516,7.32,0.0935401126,78.22,2.145093209645059e-10,2.1450932096450584e-10
110,GO:0030659,cytoplasmic vesicle membrane,11,4939,71,546614,4950,13.41,0.8973324753,14.95,2.345872981711895e-10,2.345872981711895e-10
283,GO:0032731,positive regulation of interleukin-1 beta production,5,215,77,551338,220,6.1,0.0398814433,152.89,2.564808569709895e-10,2.564808569709895e-10
215,GO:0010983,positive regulation of high-density lipoprotein particle clearance,3,6,79,551547,9,3.66,0.0016315136,2242.42,2.6572668723920184e-10,2.657266872392018e-10
292,GO:0034374,low-density lipoprotein particle remodeling,4,59,78,551494,63,4.88,0.0114205951,427.13,2.6823603137578855e-10,2.682360313757886e-10
93,GO:0012506,vesicle membrane,11,5087,71,546466,5098,13.41,0.9241618099,14.52,3.1883865646238575e-10,3.1883865646238575e-10
195,GO:0043691,reverse cholesterol transport,4,69,78,551484,73,4.88,0.013233388,368.62,4.895807555421154e-10,4.895807555421154e-10
273,GO:0032732,positive regulation of interleukin-1 production,5,249,77,551304,254,6.1,0.0460449391,132.43,5.273144689811136e-10,5.273144689811136e-10
74,GO:1901700,response to oxygen-containing compound,13,8764,69,542789,8777,15.85,1.5910883102,9.96,6.660020292448043e-10,6.660020292448042e-10
72,GO:0043933,protein-containing complex organization,18,19974,64,531579,19992,21.95,3.6241355244,6.06,7.290552091249141e-10,7.290552091249141e-10
205,GO:0031667,response to nutrient levels,10,4291,72,547262,4301,12.2,0.7796822174,15.64,1.05557321194767e-09,1.05557321194767e-09
256,GO:0031670,cellular response to nutrient,5,311,77,551242,316,6.1,0.057284255,106.44,1.5725217494488128e-09,1.5725217494488132e-09
104,GO:0006644,phospholipid metabolic process,15,13632,67,537921,13647,18.29,2.4739184424,7.39,1.6452253310518933e-09,1.6452253310518933e-09
16,GO:0110165,cellular anatomical entity,81,412812,1,138741,412893,98.78,74.8489490333,1.32,1.992792380332556e-09,1.3743524130640556e-09
266,GO:0032760,positive regulation of tumor necrosis factor production,5,331,77,551222,336,6.1,0.0609098407,100.11,2.136355255963959e-09,2.136355255963959e-09
210,GO:0010986,positive regulation of lipoprotein particle clearance,3,14,79,551539,17,3.66,0.0030817479,1187.16,2.149273206173426e-09,2.149273206173426e-09
278,GO:0032651,regulation of interleukin-1 beta production,5,334,77,551219,339,6.1,0.0614536786,99.22,2.233261175618903e-09,2.233261175618903e-09
276,GO:0032755,positive regulation of interleukin-6 production,5,335,77,551218,340,6.1,0.0616349579,98.93,2.2663299349187975e-09,2.2663299349187988e-09
275,GO:1903557,positive regulation of tumor necrosis factor superfamily cytokine production,5,342,77,551211,347,6.1,0.0629039129,96.93,2.50889473374306e-09,2.5088947337430595e-09
123,GO:0002080,acrosomal membrane,4,111,78,551442,115,4.88,0.0208471181,233.99,3.0949161904568404e-09,3.0949161904568404e-09
4,GO:0009987,cellular process,82,432898,0,118655,432980,100.0,78.4903060901,1.27,3.170079218317405e-09,2.3669946514660603e-09
223,GO:0009986,cell surface,9,3587,73,547966,3596,10.98,0.6518803194,16.84,4.022028830464228e-09,4.022028830464228e-09
271,GO:0032652,regulation of interleukin-1 production,5,401,77,551152,406,6.1,0.0735993909,82.85,5.486810663768789e-09,5.486810663768789e-09
207,GO:0010982,regulation of high-density lipoprotein particle clearance,3,20,79,551533,23,3.66,0.0041694236,877.47,5.593986355607189e-09,5.593986355607188e-09
115,GO:0006650,glycerophospholipid metabolic process,9,3747,73,547806,3756,10.98,0.6808850055,16.12,5.841108128935409e-09,5.841108128935409e-09
286,GO:0034364,high-density lipoprotein particle,5,408,77,551145,413,6.1,0.0748683459,81.44,5.974056375706393e-09,5.974056375706394e-09
243,GO:0033993,response to lipid,9,4126,73,547427,4135,10.98,0.7495898556,14.64,1.3273683392462122e-08,1.3273683392462123e-08
272,GO:0050729,positive regulation of inflammatory response,5,506,77,551047,511,6.1,0.0926337161,65.82,1.7207056936724063e-08,1.7207056936724066e-08
269,GO:0032675,regulation of interleukin-6 production,5,513,77,551040,518,6.1,0.0939026712,64.93,1.8408275054308292e-08,1.8408275054308295e-08
236,GO:0030299,intestinal cholesterol absorption,3,32,79,551521,35,3.66,0.0063447751,576.62,2.0646801412401925e-08,2.0646801412401925e-08
265,GO:0032680,regulation of tumor necrosis factor production,5,541,77,551012,546,6.1,0.0989784912,61.6,2.3897180047003195e-08,2.3897180047003195e-08
267,GO:1903555,regulation of tumor necrosis factor superfamily cytokine production,5,554,77,550999,559,6.1,0.101335122,60.17,2.685173456420739e-08,2.685173456420739e-08
242,GO:0052689,carboxylic ester hydrolase activity,10,6110,72,545443,6120,12.2,1.1094292422,10.99,2.9014582308807825e-08,2.9014582308807825e-08
61,GO:0042221,response to chemical,16,19623,66,531930,19639,19.51,3.5601439358,5.48,2.9476306214458697e-08,2.9476306214458697e-08
241,GO:0098856,intestinal lipid absorption,3,42,79,551511,45,3.66,0.008157568,448.48,4.471560673664388e-08,4.471560673664388e-08
124,GO:0044258,intestinal lipid catabolic process,2,1,80,551552,3,2.44,0.0005438379,4484.84,6.547496813901584e-08,6.547496813901583e-08
46,GO:0032787,monocarboxylic acid metabolic process,17,23790,65,527763,23807,20.73,4.3157160079,4.8,6.834308358867055e-08,6.834308358867055e-08
230,GO:0050746,regulation of lipoprotein metabolic process,3,53,79,551500,56,3.66,0.0101516401,360.39,8.724829572829568e-08,8.724829572829568e-08
186,GO:0001819,positive regulation of cytokine production,6,1717,76,549836,1723,7.32,0.3123442131,23.43,2.6320933273494163e-07,2.6320933273494153e-07
122,GO:0008610,lipid biosynthetic process,16,23961,66,527592,23977,19.51,4.3465334868,4.49,4.3517912704019777e-07,4.351791270401978e-07
65,GO:0044877,protein-containing complex binding,12,12829,70,538724,12841,14.63,2.3278073364,6.29,4.601346786065542e-07,4.6013467860655427e-07
226,GO:0006869,lipid transport,7,3115,75,548438,3122,8.54,0.5659539369,15.08,4.849286033390524e-07,4.849286033390524e-07
168,GO:0051240,positive regulation of multicellular organismal process,9,6599,73,544954,6608,10.98,1.1978935347,9.16,6.73878763136327e-07,6.738787631363272e-07
231,GO:0055091,phospholipid homeostasis,3,111,79,551442,114,3.66,0.0206658388,177.03,7.521585330373869e-07,7.521585330373868e-07
134,GO:0009617,response to bacterium,8,4904,74,546649,4912,9.76,0.8904438623,10.96,7.804170763160179e-07,7.804170763160178e-07
339,GO:0016740,transferase activity,1,107280,81,444273,107281,1.22,19.447823289,0.06,8.066935611154815e-07,0.9999999801525051
90,GO:0046434,organophosphate catabolic process,10,8837,72,542716,8847,12.2,1.6037778604,7.6,8.373157767518855e-07,8.373157767518854e-07
244,GO:0050892,intestinal absorption,3,122,79,551431,125,3.66,0.022659911,161.45,9.927321244387327e-07,9.927321244387327e-07
228,GO:0032376,positive regulation of cholesterol transport,3,147,79,551406,150,3.66,0.0271918932,134.55,1.7177864294487059e-06,1.7177864294487059e-06
22,GO:0005575,cellular_component,82,466248,0,85305,466330,100.0,84.5359703427,1.18,1.772274184852602e-06,1.0397480552014307e-06
214,GO:0032373,positive regulation of sterol transport,3,151,79,551402,154,3.66,0.0279170103,131.05,1.8590849074343586e-06,1.8590849074343582e-06
262,GO:0050727,regulation of inflammatory response,5,1352,77,550201,1357,6.1,0.2459959937,24.79,2.0852248645216532e-06,2.0852248645216537e-06
114,GO:0046473,phosphatidic acid metabolic process,3,158,79,551395,161,3.66,0.0291859654,125.35,2.124516999499097e-06,2.124516999499097e-06
204,GO:0010984,regulation of lipoprotein particle clearance,3,161,79,551392,164,3.66,0.0297298032,123.06,2.2455559149052835e-06,2.245555914905283e-06
175,GO:0001817,regulation of cytokine production,6,2633,76,548920,2639,7.32,0.4783960409,15.3,3.0595435805799573e-06,3.059543580579957e-06
18,GO:0008150,biological_process,82,471690,0,79863,471772,100.0,85.5224922277,1.17,4.732673903547958e-06,2.692439202452234e-06
24,GO:0004623,phospholipase A2 activity,4,741,78,550812,745,4.88,0.1350530695,36.12,5.3083869929562054e-06,5.308386992956206e-06
263,GO:0031349,positive regulation of defense response,5,1644,77,549909,1649,6.1,0.2989295458,20.4,5.348271800827227e-06,5.348271800827229e-06
361,GO:0019538,protein metabolic process,1,93912,81,457641,93913,1.22,17.0244817678,0.07,5.8948390126081726e-06,0.999999774388452
2,GO:0017171,serine hydrolase activity,7,4581,75,546972,4588,8.54,0.831709373,10.26,6.043781773948851e-06,6.043781773948854e-06
274,GO:0071396,cellular response to lipid,5,1752,77,549801,1757,6.1,0.3185077089,19.14,7.2559136466167815e-06,7.255913646616782e-06
296,GO:0007548,sex differentiation,3,242,79,551311,245,3.66,0.0444134255,82.37,7.467329926628249e-06,7.4673299266282486e-06
106,GO:0043005,neuron projection,7,4739,75,546814,4746,8.54,0.8603515005,9.92,7.518941321384744e-06,7.518941321384742e-06
165,GO:0032879,regulation of localization,9,8938,73,542615,8947,10.98,1.6219057892,6.77,7.804821587261797e-06,7.804821587261797e-06
290,GO:0008203,cholesterol metabolic process,4,845,78,550708,849,4.88,0.1539061155,31.69,8.85730654244629e-06,8.857306542446288e-06
154,GO:0045597,positive regulation of cell differentiation,6,3233,76,548320,3239,7.32,0.5871636136,12.46,9.755700852663059e-06,9.755700852663059e-06
209,GO:0032374,regulation of cholesterol transport,3,286,79,551267,289,3.66,0.0523897142,69.83,1.222153938661632e-05,1.222153938661632e-05
113,GO:0005576,extracellular region,15,27748,67,523805,27763,18.29,5.0328568709,3.63,1.345536438958462e-05,1.3455364389584616e-05
213,GO:0032371,regulation of sterol transport,3,299,79,551254,302,3.66,0.054746345,66.83,1.3932945935359878e-05,1.3932945935359878e-05
153,GO:0051239,regulation of multicellular organismal process,10,12397,72,539156,12407,12.2,2.2491321254,5.42,1.6131974304602507e-05,1.6131974304602507e-05
200,GO:0032370,positive regulation of lipid transport,3,326,79,551227,329,3.66,0.0596408857,61.34,1.797663810759921e-05,1.797663810759921e-05
245,GO:0022600,digestive system process,3,339,79,551214,342,3.66,0.0619975165,59.01,2.017182063274357e-05,2.0171820632743566e-05
101,GO:0120025,plasma membrane bounded cell projection,8,7738,74,543815,7746,9.76,1.4041893643,6.95,2.1330408581218718e-05,2.1330408581218715e-05
280,GO:0032103,positive regulation of response to external stimulus,5,2258,77,549295,2263,6.1,0.4102350286,14.86,2.4285215116794466e-05,2.428521511679447e-05
254,GO:0031669,cellular response to nutrient levels,5,2272,77,549281,2277,6.1,0.4127729386,14.77,2.5005864872242398e-05,2.50058648722424e-05
206,GO:0005769,early endosome,4,1273,78,550280,1277,4.88,0.2314936507,21.07,4.330230930852493e-05,4.330230930852493e-05
240,GO:0043434,response to peptide hormone,4,1293,78,550260,1297,4.88,0.2351192365,20.75,4.59790989661803e-05,4.597909896618032e-05
291,GO:1902652,secondary alcohol metabolic process,4,1311,78,550242,1315,4.88,0.2383822636,20.46,4.84898203022354e-05,4.84898203022354e-05
354,GO:0030169,low-density lipoprotein particle binding,2,70,80,551483,72,2.44,0.0130521087,186.87,5.5413887184222794e-05,5.5413887184222794e-05
105,GO:0042995,cell projection,8,8915,74,542638,8923,9.76,1.6175550862,6.03,5.750813812531503e-05,5.750813812531505e-05
384,GO:0009059,macromolecule biosynthetic process,1,81677,81,469876,81678,1.22,14.80652968,0.08,6.057265558676248e-05,0.9999980372593722
127,GO:0006968,cellular defense response,2,78,80,551475,80,2.44,0.014502343,168.18,6.845563263731395e-05,6.845563263731395e-05
289,GO:0016125,sterol metabolic process,4,1452,78,550101,1456,4.88,0.2639426432,18.48,7.176118602637504e-05,7.176118602637506e-05
372,GO:0034382,chylomicron remnant clearance,2,84,80,551469,86,2.44,0.0155900188,156.45,7.913302363618088e-05,7.913302363618088e-05
351,GO:0071830,triglyceride-rich lipoprotein particle clearance,2,87,80,551466,89,2.44,0.0161338566,151.17,8.475926944626512e-05,8.475926944626512e-05
108,GO:0006664,glycolipid metabolic process,6,4785,76,546768,4791,7.32,0.8685090685,8.42,8.525627491924759e-05,8.525627491924759e-05
171,GO:0042803,protein homodimerization activity,6,4820,76,546733,4826,7.32,0.8748538436,8.36,8.869865054351787e-05,8.869865054351787e-05
102,GO:0098588,bounding membrane of organelle,11,18633,71,532920,18644,13.41,3.3797710443,3.97,0.00010030567717497316,0.00010030567717497316
203,GO:0032368,regulation of lipid transport,3,597,79,550956,600,3.66,0.1087675728,33.64,0.00010635595825889938,0.00010635595825889939
303,GO:0006658,phosphatidylserine metabolic process,2,103,80,551450,105,2.44,0.0190343252,128.14,0.00011799564921129053,0.00011799564921129053
5,GO:0003674,molecular_function,82,490758,0,60795,490840,100.0,88.97912569,1.12,0.00012638632820344796,6.939099568020262e-05
249,GO:0051384,response to glucocorticoid,3,637,79,550916,640,3.66,0.1160187443,31.53,0.00012856559049275894,0.00012856559049275894
279,GO:0031347,regulation of defense response,5,3321,77,548232,3326,6.1,0.6029349117,10.11,0.00014747807420073568,0.00014747807420073568
389,GO:0034373,intermediate-density lipoprotein particle remodeling,1,0,81,551553,1,1.22,0.0001812793,6727.26,0.00014864901610769815,0.00014864901610769815
167,GO:0051094,positive regulation of developmental process,6,5394,76,546159,5400,7.32,0.9789081548,7.47,0.00016278657379061625,0.00016278657379061625
99,GO:1903509,liposaccharide metabolic process,6,5458,76,546095,5464,7.32,0.9905100293,7.39,0.000173408703288438,0.000173408703288438
87,GO:0006643,membrane lipid metabolic process,6,5480,76,546073,5486,7.32,0.9944981736,7.36,0.00017718404551418312,0.00017718404551418312
248,GO:0031960,response to corticosteroid,3,729,79,550824,732,3.66,0.1326964388,27.57,0.00019058984424743982,0.00019058984424743977
120,GO:0006654,phosphatidic acid biosynthetic process,2,143,80,551410,145,2.44,0.0262854968,92.79,0.00022474830784264643,0.00022474830784264643
182,GO:0045595,regulation of cell differentiation,6,5810,76,545743,5816,7.32,1.0543203386,6.94,0.0002420368018795929,0.00024203680187959284
270,GO:1901701,cellular response to oxygen-containing compound,5,3945,77,547608,3950,6.1,0.7160531873,8.52,0.0003243450608996493,0.00032434506089964934
288,GO:0008202,steroid metabolic process,4,2162,78,549391,2166,4.88,0.3926509377,12.42,0.00032493284427274086,0.00032493284427274096
251,GO:0048545,response to steroid hormone,3,960,79,550593,963,3.66,0.1745719543,20.96,0.00042378926552637437,0.00042378926552637437
365,GO:0034381,plasma lipoprotein particle clearance,2,202,80,551351,204,2.44,0.0369809747,65.95,0.00044321991788565123,0.00044321991788565123
385,GO:0035478,chylomicron binding,1,2,81,551551,3,1.22,0.0005438379,2242.42,0.0004458815702065673,0.0004458815702065672
132,GO:0051707,response to other organism,8,12176,74,539377,12184,9.76,2.2087068442,4.42,0.00047159944986420037,0.00047159944986420037
180,GO:0010628,positive regulation of gene expression,6,6717,76,544836,6723,7.32,1.2187406528,6.0,0.0005193589713344113,0.0005193589713344113
264,GO:0032101,regulation of response to external stimulus,5,4455,77,547098,4460,6.1,0.8085056242,7.54,0.0005613986144884179,0.0005613986144884182
131,GO:0043207,response to external biotic stimulus,8,13011,74,538542,13019,9.76,2.3600750496,4.13,0.0007257052197271008,0.0007257052197271008
126,GO:0009607,response to biotic stimulus,8,13707,74,537846,13715,9.76,2.486245434,3.92,0.0010133841384821934,0.0010133841384821934
260,GO:0070887,cellular response to chemical stimulus,6,8058,76,543495,8064,7.32,1.4618361779,5.01,0.0013223887406178438,0.0013223887406178438
125,GO:0009605,response to external stimulus,8,14665,74,536888,14673,9.76,2.6599109919,3.67,0.0015520787849134055,0.0015520787849134055
363,GO:0097006,regulation of plasma lipoprotein particle levels,1,10,81,551543,11,1.22,0.0019940722,611.57,0.001633939208892275,0.001633939208892275
352,GO:0010034,response to acetate,1,10,81,551543,11,1.22,0.0019940722,611.57,0.001633939208892275,0.001633939208892275
299,GO:0042750,hibernation,1,12,81,551541,13,1.22,0.0023566307,517.48,0.0019307356006364918,0.0019307356006364915
32,GO:0016020,membrane,31,124041,51,427512,124072,37.8,22.4916838127,1.68,0.0020419031352747366,0.0012496946676515412
144,GO:0046394,carboxylic acid biosynthetic process,14,39703,68,511850,39717,17.07,7.1998694789,2.37,0.002077730373945341,0.002077730373945341
212,GO:0005768,endosome,4,3616,78,547937,3620,4.88,0.6562310223,7.43,0.0021565002665783896,0.0021565002665783896
150,GO:0005102,signaling receptor binding,6,8915,76,542638,8921,7.32,1.6171925277,4.52,0.002193339208012308,0.002193339208012309
301,GO:0044241,lipid digestion,1,14,81,551539,15,1.22,0.0027191893,448.48,0.0022274448356881527,0.0022274448356881527
258,GO:0080134,regulation of response to stress,5,6122,77,545431,6127,6.1,1.1106981972,5.49,0.0022687974221839977,0.0022687974221839977
137,GO:0016053,organic acid biosynthetic process,14,40086,68,511467,40100,17.07,7.2692994462,2.35,0.002270161646180514,0.0022701616461805138
169,GO:0042802,identical protein binding,7,12402,75,539151,12409,8.54,2.249494684,3.79,0.0025413171921103306,0.0025413171921103306
238,GO:1901698,response to nitrogen compound,4,3893,78,547660,3897,4.88,0.7064453851,6.91,0.002808388549071189,0.002808388549071189
304,GO:0036150,phosphatidylserine acyl-chain remodeling,1,18,81,551535,19,1.22,0.0034443065,354.07,0.0028206019375102333,0.0028206019375102333
234,GO:0009725,response to hormone,4,3909,78,547644,3913,4.88,0.7093458537,6.88,0.0028497210064305505,0.0028497210064305505
160,GO:0046983,protein dimerization activity,6,9815,76,541738,9821,7.32,1.7803438868,4.11,0.0035155869076917137,0.0035155869076917137
313,GO:0017129,triglyceride binding,1,23,81,551530,24,1.22,0.0043507029,280.3,0.0035615585094532637,0.0035615585094532633
28,GO:0005886,plasma membrane,20,70043,62,481510,70063,24.39,12.7009707506,1.92,0.003985747399819571,0.0027757821352907748
85,GO:0016043,cellular component organization,18,61059,64,490494,61077,21.95,11.0719950692,1.98,0.004095464691086549,0.003353327772585737
121,GO:0009058,biosynthetic process,16,188971,66,362582,188987,19.51,34.259428789,0.57,0.004893621396698342,0.998907545287323
202,GO:0043229,intracellular organelle,5,95928,77,455625,95933,6.1,17.3906659295,0.35,0.005047336996501261,0.9993046647734231
112,GO:1901136,carbohydrate derivative catabolic process,6,10615,76,540938,10621,7.32,1.9253673172,3.8,0.005123960594984867,0.005123960594984866
232,GO:0009719,response to endogenous stimulus,4,4777,78,546776,4781,4.88,0.8666962756,5.63,0.005767245404232026,0.005767245404232025
378,GO:0034383,low-density lipoprotein particle clearance,1,38,81,551515,39,1.22,0.0070698922,172.49,0.005781166639319417,0.005781166639319418
60,GO:0046872,metal ion binding,31,133664,51,417889,133695,37.8,24.2361344005,1.56,0.006382055934780594,0.00429673817980508
119,GO:0045017,glycerolipid biosynthetic process,3,2668,79,548885,2671,3.66,0.4841969781,7.56,0.0075567998355418565,0.0075567998355418565
44,GO:0050896,response to stimulus,18,63720,64,487833,63738,21.95,11.5543792544,1.9,0.00816480622713368,0.005265909342074321
218,GO:0043226,organelle,6,98899,76,452654,98905,7.32,17.9294279732,0.41,0.009131707937120457,0.9982857111196601
57,GO:0071840,cellular component organization or biogenesis,18,65366,64,486187,65384,21.95,11.8527649623,1.85,0.009164739542306167,0.006849158944882078
328,GO:0061365,positive regulation of triglyceride lipase activity,1,63,81,551490,64,1.22,0.0116018744,105.11,0.009469665195825972,0.009469665195825974
55,GO:0043169,cation binding,31,136025,51,415528,136056,37.8,24.6641347993,1.53,0.009733466433164232,0.005655506667446782
341,GO:0046222,aflatoxin metabolic process,1,73,81,551480,74,1.22,0.0134146673,90.91,0.01094127687216003,0.010941276872160026
43,GO:0005515,protein binding,15,51119,67,500434,51134,18.29,9.2695351093,1.97,0.011197110327808527,0.007978683294560682
281,GO:0048584,positive regulation of response to stimulus,5,9406,77,542147,9411,6.1,1.7060193788,3.57,0.013332009574839777,0.013332009574839779
359,GO:0032026,response to magnesium ion,1,90,81,551463,91,1.22,0.0164964152,73.93,0.013438061837678568,0.013438061837678568
362,GO:0015012,heparan sulfate proteoglycan biosynthetic process,1,91,81,551462,92,1.22,0.0166776945,73.12,0.013584737496106506,0.013584737496106501
344,GO:0008126,acetylesterase activity,1,92,81,551461,93,1.22,0.0168589738,72.34,0.01373139161390886,0.013731391613908857
331,GO:0060193,positive regulation of lipase activity,1,96,81,551457,97,1.22,0.0175840909,69.35,0.014317792734535853,0.014317792734535853
298,GO:0022611,dormancy process,1,98,81,551455,99,1.22,0.0179466495,67.95,0.01461086413054276,0.014610864130542753
233,GO:0009791,post-embryonic development,2,1238,80,550315,1240,2.44,0.224786317,10.85,0.014887556984116066,0.01488755698411607
374,GO:0034338,short-chain carboxylesterase activity,1,102,81,551451,103,1.22,0.0186717667,65.31,0.015196748718746446,0.01519674871874644
252,GO:0014070,response to organic cyclic compound,3,3541,79,548012,3544,3.66,0.6424537964,5.69,0.016104909264050504,0.016104909264050504
152,GO:0010557,positive regulation of macromolecule biosynthetic process,6,13733,76,537820,13739,7.32,2.4905961369,2.94,0.016718664033945715,0.016718664033945712
308,GO:0009410,response to xenobiotic stimulus,2,1330,80,550223,1332,2.44,0.2414640115,10.1,0.01702957222189871,0.017029572221898708
246,GO:0031016,pancreas development,1,116,81,551437,117,1.22,0.0212096767,57.5,0.017244636265615385,0.017244636265615385
350,GO:1901376,organic heteropentacyclic compound metabolic process,1,118,81,551435,119,1.22,0.0215722353,56.53,0.017536848022015793,0.017536848022015793
174,GO:0050793,regulation of developmental process,7,18128,75,533425,18135,8.54,3.2874998867,2.6,0.01845831998910741,0.01845831998910741
217,GO:0051050,positive regulation of transport,3,3768,79,547785,3771,3.66,0.6836041948,5.35,0.018945937839659973,0.018945937839659973
285,GO:0032094,response to food,1,133,81,551420,134,1.22,0.0242914246,50.2,0.019725702197579766,0.019725702197579763
97,GO:0031090,organelle membrane,11,35380,71,516173,35391,13.41,6.4156552793,2.09,0.019933860721270468,0.015583918902741103
149,GO:0009891,positive regulation of biosynthetic process,6,14328,76,537225,14334,7.32,2.5984573133,2.82,0.020127611898491687,0.02012761189849168
229,GO:0043231,intracellular membrane-bounded organelle,4,74704,78,476849,74708,4.88,13.543013043,0.36,0.02210620566090017,0.997138456740195
349,GO:0030166,proteoglycan biosynthetic process,1,152,81,551401,153,1.22,0.0277357311,43.97,0.02249133670428778,0.02249133670428778
198,GO:0031982,vesicle,5,10774,77,540779,10779,6.1,1.9540094447,3.12,0.022499559422856454,0.022499559422856454
309,GO:1900077,negative regulation of cellular response to insulin stimulus,1,159,81,551394,160,1.22,0.0290046861,42.05,0.023508310601975786,0.023508310601975776
34,GO:0019752,carboxylic acid metabolic process,17,64930,65,486623,64947,20.73,11.7735459135,1.76,0.023698210593612254,0.013960169808428714
79,GO:0043436,oxoacid metabolic process,17,65867,65,485686,65884,20.73,11.9434046063,1.74,0.024604241738053135,0.01591618409339033
45,GO:0006082,organic acid metabolic process,17,66709,65,484844,66726,20.73,12.0960417667,1.71,0.02568931566315321,0.01785295418023526
92,GO:0019637,organophosphate metabolic process,15,58965,67,492588,58980,18.29,10.6918524024,1.71,0.03193912167824263,0.02645124493015578
334,GO:0060191,regulation of lipase activity,1,226,81,551327,227,1.22,0.0411503984,29.64,0.03318948096621556,0.033189480966215566
300,GO:0007586,digestion,1,231,81,551322,232,1.22,0.0420567948,29.0,0.03390814277758843,0.03390814277758842
216,GO:0031410,cytoplasmic vesicle,4,8196,78,543357,8200,4.88,1.4864901611,3.28,0.03423318095633875,0.034233180956338746
220,GO:0097708,intracellular vesicle,4,8225,78,543328,8229,4.88,1.4917472604,3.27,0.034609982243403115,0.034609982243403115
370,GO:0006029,proteoglycan metabolic process,1,237,81,551316,238,1.22,0.0431444705,28.27,0.03476984042702732,0.03476984042702732
369,GO:0009101,glycoprotein biosynthetic process,1,242,81,551311,243,1.22,0.044050867,27.68,0.03548734181518842,0.035487341815188415
208,GO:0005794,Golgi apparatus,3,4882,79,546671,4885,3.66,0.8855493216,4.13,0.03666430892992137,0.03666430892992136
294,GO:0006066,alcohol metabolic process,4,8386,78,543167,8390,4.88,1.5209332258,3.21,0.0367459905964882,0.0367459905964882
317,GO:0043186,P granule,1,253,81,551300,254,1.22,0.0460449391,26.49,0.037063990883599934,0.03706399088359993
219,GO:0043227,membrane-bounded organelle,5,77622,77,473931,77627,6.1,14.0721672845,0.43,0.037724177509002595,0.9930503266347636
148,GO:0010604,positive regulation of macromolecule metabolic process,6,16696,76,534857,16702,7.32,3.0277266671,2.42,0.03833938906679003,0.03833938906679003
382,GO:0005902,microvillus,1,271,81,551282,272,1.22,0.0493079663,24.73,0.0396384723655855,0.0396384723655855
310,GO:0019432,triglyceride biosynthetic process,1,279,81,551274,280,1.22,0.0507582006,24.03,0.04078050278977871,0.040780502789778704
393,GO:0043495,protein-membrane adaptor activity,1,293,81,551260,294,1.22,0.0532961107,22.88,0.0427758289369523,0.042775828936952295
377,GO:1901137,carbohydrate derivative biosynthetic process,1,36518,81,515035,36519,1.22,6.6201383161,0.18,0.04399901851807586,0.9963643741822726
355,GO:0046688,response to copper ion,1,302,81,551251,303,1.22,0.0549276242,22.2,0.044056372990372274,0.044056372990372274
307,GO:0046463,acylglycerol biosynthetic process,1,314,81,551239,315,1.22,0.0571029757,21.36,0.0457611331206001,0.04576113312060011
315,GO:0046460,neutral lipid biosynthetic process,1,314,81,551239,315,1.22,0.0571029757,21.36,0.0457611331206001,0.04576113312060011
312,GO:1900076,regulation of cellular response to insulin stimulus,1,334,81,551219,335,1.22,0.0607285615,20.08,0.048595728946130415,0.04859572894613041
170,GO:0048518,positive regulation of biological process,9,31251,73,520302,31260,10.98,5.6667905408,1.94,0.05080818680704005,0.042445593379715374
31,GO:0097367,carbohydrate derivative binding,24,111248,58,440305,111272,29.27,20.1713089271,1.45,0.052581166046391514,0.0317116088656343
322,GO:0045995,regulation of embryonic development,1,368,81,551185,369,1.22,0.0668920572,18.23,0.05339546525197959,0.05339546525197959
345,GO:0043385,mycotoxin metabolic process,1,371,81,551182,372,1.22,0.0674358951,18.08,0.053817821253035976,0.053817821253035976
116,GO:0046474,glycerophospholipid biosynthetic process,2,2506,80,549047,2508,2.44,0.4546484541,5.36,0.054033911221613475,0.054033911221613475
162,GO:0009893,positive regulation of metabolic process,6,18652,76,532901,18658,7.32,3.3823089543,2.16,0.05953784984646244,0.05953784984646244
314,GO:0048519,negative regulation of biological process,1,33813,81,517740,33814,1.22,6.1297778422,0.2,0.06375551073544326,0.9944138499668732
27,GO:0005488,binding,44,352853,38,198700,352897,53.66,63.9729168744,0.84,0.06493369654685435,0.9790250934483649
118,GO:0090407,organophosphate biosynthetic process,2,44702,80,506851,44704,2.44,8.1039092878,0.3,0.06571830820528737,0.9919526769544463
141,GO:0044283,small molecule biosynthetic process,14,58743,68,492810,58757,17.07,10.6514271212,1.6,0.07105783901573133,0.05077516746468161
235,GO:0003008,system process,3,6502,79,545051,6505,3.66,1.179221768,3.1,0.07321785083558265,0.07321785083558263
347,GO:0001889,liver development,1,512,81,551041,513,1.22,0.0929962747,13.11,0.07345997106015817,0.0734599710601582
342,GO:0051592,response to calcium ion,1,543,81,551010,544,1.22,0.0986159326,12.37,0.07772414418262999,0.07772414418262999
297,GO:0003006,developmental process involved in reproduction,3,6700,79,544853,6703,3.66,1.215115067,3.01,0.07849556865001403,0.07849556865001406
376,GO:0009100,glycoprotein metabolic process,1,605,81,550948,606,1.22,0.1098552485,11.1,0.08619441778230448,0.08619441778230447
383,GO:0046337,phosphatidylethanolamine metabolic process,1,618,81,550935,619,1.22,0.1122118792,10.87,0.08796067336287053,0.08796067336287049
320,GO:0043232,intracellular non-membrane-bounded organelle,1,30822,81,520731,30823,1.22,5.587571492,0.22,0.09182352765829543,0.9910414629916221
321,GO:0043228,non-membrane-bounded organelle,1,31071,81,520482,31072,1.22,5.6327100347,0.22,0.09189063428808933,0.991385986599503
199,GO:0051049,regulation of transport,3,7178,79,544375,7181,3.66,1.3017665667,2.81,0.09189888807670778,0.09189888807670775
357,GO:0043200,response to amino acid,1,659,81,550894,660,1.22,0.11964433,10.19,0.09350911164354388,0.09350911164354386
306,GO:0048523,negative regulation of cellular process,1,32389,81,519164,32390,1.22,5.8716361362,0.21,0.09390209698327823,0.9930028900669589
375,GO:0098858,actin-based cell projection,1,683,81,550870,684,1.22,0.1239950329,9.84,0.09674149280891203,0.096741492808912
343,GO:0009404,toxin metabolic process,1,720,81,550833,721,1.22,0.1307023666,9.33,0.10170245364398253,0.10170245364398253
327,GO:0051345,positive regulation of hydrolase activity,1,801,81,550752,802,1.22,0.1453859889,8.39,0.11246917276267379,0.11246917276267378
388,GO:0005788,endoplasmic reticulum lumen,1,912,81,550641,913,1.22,0.1655079899,7.37,0.12701680077748365,0.12701680077748365
360,GO:0005770,late endosome,1,953,81,550600,954,1.22,0.1729404407,7.05,0.1323304659302319,0.1323304659302319
373,GO:0007623,circadian rhythm,1,1009,81,550544,1010,1.22,0.1830920808,6.66,0.13953656876362402,0.13953656876362402
89,GO:0006796,phosphate-containing compound metabolic process,15,71302,67,480251,71317,18.29,12.9282949777,1.41,0.14073800895949956,0.10321277552309993
293,GO:1901615,organic hydroxy compound metabolic process,4,13774,78,537779,13778,4.88,2.4976660292,1.95,0.14939496532783372,0.1493949653278337
178,GO:0007165,signal transduction,6,22607,76,528946,22613,7.32,4.0992685381,1.78,0.15261897593267454,0.12031279345430666
367,GO:0048732,gland development,1,1148,81,550405,1149,1.22,0.2082899018,5.85,0.15716865914678177,0.15716865914678177
133,GO:0006950,response to stress,3,44878,79,506675,44881,3.66,8.1359957218,0.45,0.15933926991292507,0.9673978893287642
319,GO:0009792,embryo development ending in birth or egg hatching,1,1220,81,550333,1221,1.22,0.2213420106,5.51,0.16616102452356615,0.16616102452356618
338,GO:0001101,response to acid chemical,1,1242,81,550311,1243,1.22,0.2253301549,5.41,0.16888974036072052,0.1688897403607205
109,GO:0006793,phosphorus metabolic process,15,71547,67,480006,71562,18.29,12.9727084032,1.41,0.18539522863470242,0.10549587642088702
257,GO:0048583,regulation of response to stimulus,5,17986,77,533567,17991,6.1,3.2613956692,1.87,0.1959517051045271,0.13001961031331802
381,GO:0032870,cellular response to hormone stimulus,1,1514,81,550039,1515,1.22,0.2746381212,4.44,0.20190660732350252,0.20190660732350252
364,GO:0001666,response to hypoxia,1,1527,81,550026,1528,1.22,0.276994752,4.4,0.20345175445903926,0.20345175445903926
323,GO:0009790,embryo development,1,1576,81,549977,1577,1.22,0.2858774371,4.27,0.20924925628816646,0.20924925628816643
337,GO:0036293,response to decreased oxygen levels,1,1603,81,549950,1604,1.22,0.2907719778,4.19,0.21242596621014093,0.21242596621014093
211,GO:0080090,regulation of primary metabolic process,3,42719,79,508834,42722,3.66,7.7446137392,0.47,0.21414388906429688,0.9578708558369933
371,GO:0048511,rhythmic process,1,1662,81,549891,1663,1.22,0.3014674558,4.05,0.2193238602930991,0.2193238602930991
247,GO:0048513,animal organ development,2,5975,80,545578,5977,2.44,1.083506304,2.25,0.22307336252490703,0.22307336252490703
325,GO:0036464,cytoplasmic ribonucleoprotein granule,1,1724,81,549829,1725,1.22,0.3127067717,3.9,0.22650819053737117,0.2265081905373711
346,GO:0070482,response to oxygen levels,1,1764,81,549789,1765,1.22,0.3199579432,3.81,0.23110854219520707,0.231108542195207
326,GO:0035770,ribonucleoprotein granule,1,1801,81,549752,1802,1.22,0.3266652769,3.73,0.2353397997884832,0.2353397997884832
356,GO:0048589,developmental growth,1,1857,81,549696,1858,1.22,0.336816917,3.62,0.24170015218743837,0.24170015218743837
295,GO:0022414,reproductive process,3,11774,79,539779,11777,3.66,2.134926174,1.71,0.25546330107508325,0.2554633010750833
318,GO:0007275,multicellular organism development,1,2087,81,549466,2088,1.22,0.3785111532,3.22,0.2672794697556709,0.2672794697556709
330,GO:0043085,positive regulation of catalytic activity,1,2217,81,549336,2218,1.22,0.4020774606,3.03,0.28135834415512456,0.2813583441551247
311,GO:0008289,lipid binding,2,7180,80,544373,7182,2.44,1.3019478459,1.87,0.2892501286085216,0.2892501286085216
348,GO:0040007,growth,1,2326,81,549227,2327,1.22,0.421836903,2.89,0.29295672437209463,0.29295672437209463
358,GO:0071495,cellular response to endogenous stimulus,1,2332,81,549221,2333,1.22,0.4229245788,2.88,0.29358977012646753,0.2935897701264675
302,GO:0006575,cellular modified amino acid metabolic process,2,7340,80,544213,7342,2.44,1.330952532,1.83,0.2980358095527973,0.29803580955279724
353,GO:0010038,response to metal ion,1,2545,81,549008,2546,1.22,0.4615370671,2.64,0.3157037742651732,0.3157037742651732
25,GO:0090729,toxin activity,2,7815,80,543738,7817,2.44,1.4170601938,1.72,0.32401352727182925,0.3240135272718293
42,GO:0032991,protein-containing complex,16,135285,66,416268,135301,19.51,24.5272689369,0.8,0.3683859709490032,0.8838971878204434
340,GO:0019748,secondary metabolic process,1,3180,81,548373,3181,1.22,0.5766494149,2.11,0.37765212346416727,0.3776521234641672
329,GO:0051336,regulation of hydrolase activity,1,3318,81,548235,3319,1.22,0.6016659567,2.03,0.390363692935429,0.39036369293542883
333,GO:0044093,positive regulation of molecular function,1,3399,81,548154,3400,1.22,0.616349579,1.98,0.39770502389589246,0.39770502389589246
147,GO:0060255,regulation of macromolecule metabolic process,9,46669,73,504884,46678,10.98,8.4617546022,1.3,0.42327658843782673,0.25665374138401276
184,GO:0050794,regulation of cellular process,9,79725,73,471828,79734,10.98,14.4541227442,0.76,0.43470560277912956,0.8553441384864442
38,GO:0036094,small molecule binding,31,234104,51,317449,234135,37.8,42.4438260807,0.89,0.43507363235638447,0.8317754118703046
250,GO:0032502,developmental process,6,29138,76,522415,29144,7.32,5.2832035676,1.38,0.4511676943551427,0.2655844745472318
156,GO:0048522,positive regulation of cellular process,6,29223,76,522330,29229,7.32,5.2986123071,1.38,0.45176003412989285,0.267740393806996
284,GO:0051716,cellular response to stimulus,6,30542,76,521011,30548,7.32,5.5377196878,1.32,0.46287571010214656,0.3017436760209215
197,GO:0051246,regulation of protein metabolic process,3,14122,79,537431,14125,3.66,2.5605699421,1.43,0.46979065145050425,0.3506171889293436
221,GO:0006810,transport,7,38325,75,513228,38332,8.54,6.9487976651,1.23,0.5137700179854893,0.343475196200673
366,GO:0006790,sulfur compound metabolic process,1,16921,81,534632,16922,1.22,3.0676081104,0.4,0.5234016194237879,0.9223092231690373
391,GO:0030674,protein-macromolecule adaptor activity,1,5252,81,546301,5253,1.22,0.9522600995,1.28,0.5437219136072767,0.5437219136072767
172,GO:0050789,regulation of biological process,11,90690,71,460863,90701,13.41,16.442212695,0.82,0.5518766006047549,0.8111575015561117
390,GO:0070013,intracellular organelle lumen,1,5469,81,546084,5470,1.22,0.991597705,1.23,0.5583460665473506,0.5583460665473505
386,GO:0043233,organelle lumen,1,5474,81,546079,5475,1.22,0.9925041014,1.23,0.5586775128989351,0.5586775128989351
387,GO:0031974,membrane-enclosed lumen,1,5475,81,546078,5476,1.22,0.9926853807,1.23,0.5587437726751306,0.5587437726751305
183,GO:0019222,regulation of metabolic process,9,51320,73,500233,51329,10.98,9.3048845704,1.18,0.5674047950698431,0.35327443639962386
316,GO:2000026,regulation of multicellular organismal development,1,5806,81,545747,5807,1.22,1.052688825,1.16,0.5801444106526307,0.5801444106526304
332,GO:0050790,regulation of catalytic activity,1,5900,81,545653,5901,1.22,1.0697290781,1.14,0.5860327401091856,0.5860327401091856
392,GO:0060090,molecular adaptor activity,1,5924,81,545629,5925,1.22,1.074079781,1.14,0.5875230237794912,0.5875230237794908
185,GO:0065007,biological regulation,12,95494,70,456059,95506,14.63,17.3132596735,0.85,0.6609580488322029,0.7807975377379582
227,GO:0051234,establishment of localization,7,40171,75,511382,40178,8.54,7.2834392307,1.17,0.6676887579943688,0.3890184838573894
117,GO:0008654,phospholipid biosynthetic process,2,12193,80,539360,12195,2.44,2.2107009164,1.1,0.7035523969024298,0.5436591152283972
129,GO:0006952,defense response,2,12621,80,538932,12623,2.44,2.2882884516,1.07,0.7122568981493671,0.5624397065116045
380,GO:0044272,sulfur compound biosynthetic process,1,14030,81,537523,14031,1.22,2.543529689,0.48,0.7264557370518515,0.8791052750698966
336,GO:0016746,acyltransferase activity,1,14587,81,536966,14588,1.22,2.6445022524,0.46,0.7278397554039706,0.8889576977571905
37,GO:0043167,ion binding,31,219500,51,332053,219531,37.8,39.7964233596,0.95,0.736611250367264,0.6825846505887079
253,GO:0048856,anatomical structure development,3,16378,79,535175,16381,3.66,2.9695360157,1.23,0.7373854266800527,0.44111916795655093
158,GO:0010468,regulation of gene expression,6,38742,76,512811,38748,7.32,7.0242098489,1.04,0.8288321661219853,0.5196434923279817
191,GO:0010556,regulation of macromolecule biosynthetic process,6,39221,76,512332,39227,7.32,7.1110426278,1.03,0.8306230053519026,0.5318947720906465
176,GO:1902494,catalytic complex,6,39584,76,511969,39590,7.32,7.1768470093,1.02,0.8320587900531335,0.5410984983271115
224,GO:0051179,localization,7,43734,75,507819,43741,8.54,7.9293373336,1.08,0.8367191587589563,0.47705232906843537
86,GO:1901135,carbohydrate derivative metabolic process,7,53036,75,498517,53043,8.54,9.6155972699,0.89,1.0,0.6843983991368264
53,GO:0044281,small molecule metabolic process,17,118061,65,433492,118078,20.73,21.4050957608,0.97,1.0,0.6022042822487901
189,GO:0009889,regulation of biosynthetic process,6,40824,76,510729,40830,7.32,7.4016333264,0.99,1.0,0.5719617177560331
368,GO:0009628,response to abiotic stimulus,1,11339,81,540214,11340,1.22,2.0557071252,0.59,1.0,0.8179317581547156
335,GO:0065009,regulation of molecular function,1,8034,81,543519,8035,1.22,1.4565790786,0.84,1.0,0.6997884525307811
305,GO:0048585,negative regulation of response to stimulus,1,6688,81,544865,6689,1.22,1.212577157,1.01,1.0,0.6322914950603311
324,GO:0099080,supramolecular complex,1,6708,81,544845,6709,1.22,1.2162027428,1.0,1.0,0.633396542443961
